{
  "hash": "9af4f07c",
  "configHash": "b9ac6b18",
  "lockfileHash": "ed425e24",
  "browserHash": "7ead76bb",
  "optimized": {
    "@angular/common": {
      "src": "../../../../../../node_modules/@angular/common/fesm2022/common.mjs",
      "file": "@angular_common.js",
      "fileHash": "5cc0e929",
      "needsInterop": false
    },
    "@angular/common/http": {
      "src": "../../../../../../node_modules/@angular/common/fesm2022/http.mjs",
      "file": "@angular_common_http.js",
      "fileHash": "ec799a7f",
      "needsInterop": false
    },
    "@angular/core": {
      "src": "../../../../../../node_modules/@angular/core/fesm2022/core.mjs",
      "file": "@angular_core.js",
      "fileHash": "40d3fff2",
      "needsInterop": false
    },
    "@angular/forms": {
      "src": "../../../../../../node_modules/@angular/forms/fesm2022/forms.mjs",
      "file": "@angular_forms.js",
      "fileHash": "11080876",
      "needsInterop": false
    },
    "@angular/platform-browser": {
      "src": "../../../../../../node_modules/@angular/platform-browser/fesm2022/platform-browser.mjs",
      "file": "@angular_platform-browser.js",
      "fileHash": "89e4944e",
      "needsInterop": false
    },
    "@angular/router": {
      "src": "../../../../../../node_modules/@angular/router/fesm2022/router.mjs",
      "file": "@angular_router.js",
      "fileHash": "6c98ec2f",
      "needsInterop": false
    }
  },
  "chunks": {
    "chunk-ROGKQVCZ": {
      "file": "chunk-ROGKQVCZ.js"
    },
    "chunk-3HNBNGUG": {
      "file": "chunk-3HNBNGUG.js"
    },
    "chunk-NVQAXOF4": {
      "file": "chunk-NVQAXOF4.js"
    },
    "chunk-6L2D24VA": {
      "file": "chunk-6L2D24VA.js"
    }
  }
}